[
  {
    "model": "admin.logentry",
    "pk": 1,
    "fields": {
      "action_time": "2023-12-18T11:42:13.350Z",
      "user": 1,
      "content_type": 4,
      "object_id": "4",
      "object_repr": "Kate",
      "action_flag": 2,
      "change_message": "[]"
    }
  },
  {
    "model": "admin.logentry",
    "pk": 2,
    "fields": {
      "action_time": "2023-12-18T11:44:26.877Z",
      "user": 1,
      "content_type": 4,
      "object_id": "2",
      "object_repr": "Sonya",
      "action_flag": 2,
      "change_message": "[]"
    }
  },
  {
    "model": "admin.logentry",
    "pk": 3,
    "fields": {
      "action_time": "2023-12-18T11:44:53.330Z",
      "user": 1,
      "content_type": 4,
      "object_id": "2",
      "object_repr": "Sonya",
      "action_flag": 2,
      "change_message": "[]"
    }
  },
  {
    "model": "admin.logentry",
    "pk": 4,
    "fields": {
      "action_time": "2023-12-18T11:46:09.622Z",
      "user": 1,
      "content_type": 4,
      "object_id": "2",
      "object_repr": "Sonya",
      "action_flag": 2,
      "change_message": "[{\"changed\": {\"fields\": [\"User permissions\"]}}]"
    }
  },
  {
    "model": "admin.logentry",
    "pk": 5,
    "fields": {
      "action_time": "2023-12-19T09:59:43.013Z",
      "user": 1,
      "content_type": 4,
      "object_id": "2",
      "object_repr": "Sonya",
      "action_flag": 2,
      "change_message": "[{\"changed\": {\"fields\": [\"User permissions\"]}}]"
    }
  },
  {
    "model": "admin.logentry",
    "pk": 6,
    "fields": {
      "action_time": "2023-12-19T10:00:04.945Z",
      "user": 1,
      "content_type": 4,
      "object_id": "5",
      "object_repr": "Sam",
      "action_flag": 2,
      "change_message": "[{\"changed\": {\"fields\": [\"User permissions\"]}}]"
    }
  },
  {
    "model": "auth.permission",
    "pk": 1,
    "fields": {
      "name": "Can add log entry",
      "content_type": 1,
      "codename": "add_logentry"
    }
  },
  {
    "model": "auth.permission",
    "pk": 2,
    "fields": {
      "name": "Can change log entry",
      "content_type": 1,
      "codename": "change_logentry"
    }
  },
  {
    "model": "auth.permission",
    "pk": 3,
    "fields": {
      "name": "Can delete log entry",
      "content_type": 1,
      "codename": "delete_logentry"
    }
  },
  {
    "model": "auth.permission",
    "pk": 4,
    "fields": {
      "name": "Can view log entry",
      "content_type": 1,
      "codename": "view_logentry"
    }
  },
  {
    "model": "auth.permission",
    "pk": 5,
    "fields": {
      "name": "Can add permission",
      "content_type": 2,
      "codename": "add_permission"
    }
  },
  {
    "model": "auth.permission",
    "pk": 6,
    "fields": {
      "name": "Can change permission",
      "content_type": 2,
      "codename": "change_permission"
    }
  },
  {
    "model": "auth.permission",
    "pk": 7,
    "fields": {
      "name": "Can delete permission",
      "content_type": 2,
      "codename": "delete_permission"
    }
  },
  {
    "model": "auth.permission",
    "pk": 8,
    "fields": {
      "name": "Can view permission",
      "content_type": 2,
      "codename": "view_permission"
    }
  },
  {
    "model": "auth.permission",
    "pk": 9,
    "fields": {
      "name": "Can add group",
      "content_type": 3,
      "codename": "add_group"
    }
  },
  {
    "model": "auth.permission",
    "pk": 10,
    "fields": {
      "name": "Can change group",
      "content_type": 3,
      "codename": "change_group"
    }
  },
  {
    "model": "auth.permission",
    "pk": 11,
    "fields": {
      "name": "Can delete group",
      "content_type": 3,
      "codename": "delete_group"
    }
  },
  {
    "model": "auth.permission",
    "pk": 12,
    "fields": {
      "name": "Can view group",
      "content_type": 3,
      "codename": "view_group"
    }
  },
  {
    "model": "auth.permission",
    "pk": 13,
    "fields": {
      "name": "Can add user",
      "content_type": 4,
      "codename": "add_user"
    }
  },
  {
    "model": "auth.permission",
    "pk": 14,
    "fields": {
      "name": "Can change user",
      "content_type": 4,
      "codename": "change_user"
    }
  },
  {
    "model": "auth.permission",
    "pk": 15,
    "fields": {
      "name": "Can delete user",
      "content_type": 4,
      "codename": "delete_user"
    }
  },
  {
    "model": "auth.permission",
    "pk": 16,
    "fields": {
      "name": "Can view user",
      "content_type": 4,
      "codename": "view_user"
    }
  },
  {
    "model": "auth.permission",
    "pk": 17,
    "fields": {
      "name": "Can add content type",
      "content_type": 5,
      "codename": "add_contenttype"
    }
  },
  {
    "model": "auth.permission",
    "pk": 18,
    "fields": {
      "name": "Can change content type",
      "content_type": 5,
      "codename": "change_contenttype"
    }
  },
  {
    "model": "auth.permission",
    "pk": 19,
    "fields": {
      "name": "Can delete content type",
      "content_type": 5,
      "codename": "delete_contenttype"
    }
  },
  {
    "model": "auth.permission",
    "pk": 20,
    "fields": {
      "name": "Can view content type",
      "content_type": 5,
      "codename": "view_contenttype"
    }
  },
  {
    "model": "auth.permission",
    "pk": 21,
    "fields": {
      "name": "Can add session",
      "content_type": 6,
      "codename": "add_session"
    }
  },
  {
    "model": "auth.permission",
    "pk": 22,
    "fields": {
      "name": "Can change session",
      "content_type": 6,
      "codename": "change_session"
    }
  },
  {
    "model": "auth.permission",
    "pk": 23,
    "fields": {
      "name": "Can delete session",
      "content_type": 6,
      "codename": "delete_session"
    }
  },
  {
    "model": "auth.permission",
    "pk": 24,
    "fields": {
      "name": "Can view session",
      "content_type": 6,
      "codename": "view_session"
    }
  },
  {
    "model": "auth.permission",
    "pk": 25,
    "fields": {
      "name": "Can add product",
      "content_type": 7,
      "codename": "add_product"
    }
  },
  {
    "model": "auth.permission",
    "pk": 26,
    "fields": {
      "name": "Can change product",
      "content_type": 7,
      "codename": "change_product"
    }
  },
  {
    "model": "auth.permission",
    "pk": 27,
    "fields": {
      "name": "Can delete product",
      "content_type": 7,
      "codename": "delete_product"
    }
  },
  {
    "model": "auth.permission",
    "pk": 28,
    "fields": {
      "name": "Can view product",
      "content_type": 7,
      "codename": "view_product"
    }
  },
  {
    "model": "auth.permission",
    "pk": 29,
    "fields": {
      "name": "Can add order",
      "content_type": 8,
      "codename": "add_order"
    }
  },
  {
    "model": "auth.permission",
    "pk": 30,
    "fields": {
      "name": "Can change order",
      "content_type": 8,
      "codename": "change_order"
    }
  },
  {
    "model": "auth.permission",
    "pk": 31,
    "fields": {
      "name": "Can delete order",
      "content_type": 8,
      "codename": "delete_order"
    }
  },
  {
    "model": "auth.permission",
    "pk": 32,
    "fields": {
      "name": "Can view order",
      "content_type": 8,
      "codename": "view_order"
    }
  },
  {
    "model": "auth.permission",
    "pk": 33,
    "fields": {
      "name": "Can add profile",
      "content_type": 9,
      "codename": "add_profile"
    }
  },
  {
    "model": "auth.permission",
    "pk": 34,
    "fields": {
      "name": "Can change profile",
      "content_type": 9,
      "codename": "change_profile"
    }
  },
  {
    "model": "auth.permission",
    "pk": 35,
    "fields": {
      "name": "Can delete profile",
      "content_type": 9,
      "codename": "delete_profile"
    }
  },
  {
    "model": "auth.permission",
    "pk": 36,
    "fields": {
      "name": "Can view profile",
      "content_type": 9,
      "codename": "view_profile"
    }
  },
  {
    "model": "auth.permission",
    "pk": 37,
    "fields": {
      "name": "Can add product image",
      "content_type": 10,
      "codename": "add_productimage"
    }
  },
  {
    "model": "auth.permission",
    "pk": 38,
    "fields": {
      "name": "Can change product image",
      "content_type": 10,
      "codename": "change_productimage"
    }
  },
  {
    "model": "auth.permission",
    "pk": 39,
    "fields": {
      "name": "Can delete product image",
      "content_type": 10,
      "codename": "delete_productimage"
    }
  },
  {
    "model": "auth.permission",
    "pk": 40,
    "fields": {
      "name": "Can view product image",
      "content_type": 10,
      "codename": "view_productimage"
    }
  },
  {
    "model": "auth.permission",
    "pk": 41,
    "fields": {
      "name": "Can add author",
      "content_type": 11,
      "codename": "add_author"
    }
  },
  {
    "model": "auth.permission",
    "pk": 42,
    "fields": {
      "name": "Can change author",
      "content_type": 11,
      "codename": "change_author"
    }
  },
  {
    "model": "auth.permission",
    "pk": 43,
    "fields": {
      "name": "Can delete author",
      "content_type": 11,
      "codename": "delete_author"
    }
  },
  {
    "model": "auth.permission",
    "pk": 44,
    "fields": {
      "name": "Can view author",
      "content_type": 11,
      "codename": "view_author"
    }
  },
  {
    "model": "auth.permission",
    "pk": 45,
    "fields": {
      "name": "Can add category",
      "content_type": 12,
      "codename": "add_category"
    }
  },
  {
    "model": "auth.permission",
    "pk": 46,
    "fields": {
      "name": "Can change category",
      "content_type": 12,
      "codename": "change_category"
    }
  },
  {
    "model": "auth.permission",
    "pk": 47,
    "fields": {
      "name": "Can delete category",
      "content_type": 12,
      "codename": "delete_category"
    }
  },
  {
    "model": "auth.permission",
    "pk": 48,
    "fields": {
      "name": "Can view category",
      "content_type": 12,
      "codename": "view_category"
    }
  },
  {
    "model": "auth.permission",
    "pk": 49,
    "fields": {
      "name": "Can add tag",
      "content_type": 13,
      "codename": "add_tag"
    }
  },
  {
    "model": "auth.permission",
    "pk": 50,
    "fields": {
      "name": "Can change tag",
      "content_type": 13,
      "codename": "change_tag"
    }
  },
  {
    "model": "auth.permission",
    "pk": 51,
    "fields": {
      "name": "Can delete tag",
      "content_type": 13,
      "codename": "delete_tag"
    }
  },
  {
    "model": "auth.permission",
    "pk": 52,
    "fields": {
      "name": "Can view tag",
      "content_type": 13,
      "codename": "view_tag"
    }
  },
  {
    "model": "auth.permission",
    "pk": 53,
    "fields": {
      "name": "Can add article",
      "content_type": 14,
      "codename": "add_article"
    }
  },
  {
    "model": "auth.permission",
    "pk": 54,
    "fields": {
      "name": "Can change article",
      "content_type": 14,
      "codename": "change_article"
    }
  },
  {
    "model": "auth.permission",
    "pk": 55,
    "fields": {
      "name": "Can delete article",
      "content_type": 14,
      "codename": "delete_article"
    }
  },
  {
    "model": "auth.permission",
    "pk": 56,
    "fields": {
      "name": "Can view article",
      "content_type": 14,
      "codename": "view_article"
    }
  },
  {
    "model": "auth.user",
    "pk": 1,
    "fields": {
      "password": "pbkdf2_sha256$600000$RLwvyMxcdKfjLeDSa7133c$rtwR7/XhBatBBMKLPkv/NTcUtNwascq/E9YhfiUZCPQ=",
      "last_login": "2024-03-04T12:06:27.279Z",
      "is_superuser": true,
      "username": "admin",
      "first_name": "",
      "last_name": "",
      "email": "",
      "is_staff": true,
      "is_active": true,
      "date_joined": "2023-12-09T20:30:04.940Z",
      "groups": [],
      "user_permissions": []
    }
  },
  {
    "model": "auth.user",
    "pk": 2,
    "fields": {
      "password": "pbkdf2_sha256$600000$6FVLlupArnqEXYL3hHwSGV$lEoMUfSXM0ZVnwaYxGnpKIfEEs/OMU2amxvANRRVzQk=",
      "last_login": "2024-01-01T22:36:32.629Z",
      "is_superuser": false,
      "username": "Sonya",
      "first_name": "",
      "last_name": "",
      "email": "",
      "is_staff": false,
      "is_active": true,
      "date_joined": "2023-12-16T19:48:40Z",
      "groups": [],
      "user_permissions": []
    }
  },
  {
    "model": "auth.user",
    "pk": 3,
    "fields": {
      "password": "pbkdf2_sha256$600000$rmoMeL84RemCYTwK6aEDMC$ooOAnxCCfyo8TPVfzcPyrjCbv+J4UDh0LjlPtk7Ob2U=",
      "last_login": "2024-01-01T23:57:55.425Z",
      "is_superuser": false,
      "username": "Velli",
      "first_name": "",
      "last_name": "",
      "email": "",
      "is_staff": false,
      "is_active": true,
      "date_joined": "2023-12-16T19:50:23.931Z",
      "groups": [],
      "user_permissions": []
    }
  },
  {
    "model": "auth.user",
    "pk": 4,
    "fields": {
      "password": "pbkdf2_sha256$600000$HiDSaj7l8MJGNdxVCnAmsI$gG5oaMXT5iVxdLj60UtugEOgWcyaDAfWaCVM8q+SDuE=",
      "last_login": "2024-01-01T23:36:58.030Z",
      "is_superuser": false,
      "username": "Kate",
      "first_name": "",
      "last_name": "",
      "email": "",
      "is_staff": false,
      "is_active": true,
      "date_joined": "2023-12-16T19:57:22Z",
      "groups": [],
      "user_permissions": []
    }
  },
  {
    "model": "auth.user",
    "pk": 5,
    "fields": {
      "password": "pbkdf2_sha256$600000$2MwXU8IwRKKfRQ5zjMFKlX$uitKKvesNcB6ln00FsSOhvaLH8IRQeOAXMrnEDA8vKc=",
      "last_login": "2024-01-24T22:54:24.562Z",
      "is_superuser": false,
      "username": "Sam",
      "first_name": "",
      "last_name": "",
      "email": "",
      "is_staff": true,
      "is_active": true,
      "date_joined": "2023-12-16T19:58:47Z",
      "groups": [],
      "user_permissions": [
        25,
        26,
        27,
        28
      ]
    }
  },
  {
    "model": "auth.user",
    "pk": 6,
    "fields": {
      "password": "pbkdf2_sha256$600000$nWiDxrlxetFx7ebjqUjxvA$L/T4dKdp4cL6b8ARErbF8VOQcBrI+VpEP8hzJ1IcaNM=",
      "last_login": "2024-01-11T17:10:39.686Z",
      "is_superuser": false,
      "username": "Lili",
      "first_name": "",
      "last_name": "",
      "email": "",
      "is_staff": false,
      "is_active": true,
      "date_joined": "2024-01-11T17:07:12.517Z",
      "groups": [],
      "user_permissions": []
    }
  },
  {
    "model": "auth.user",
    "pk": 7,
    "fields": {
      "password": "pbkdf2_sha256$600000$N3t5WA1ILFAJkGoHEJdCjO$wjGKUY+J2SS15/2juAZznSZ/uFQ/efWjjcQr/P9BVPs=",
      "last_login": "2024-01-11T18:14:00.430Z",
      "is_superuser": false,
      "username": "Peter",
      "first_name": "",
      "last_name": "",
      "email": "",
      "is_staff": false,
      "is_active": true,
      "date_joined": "2024-01-11T18:13:59.821Z",
      "groups": [],
      "user_permissions": []
    }
  },
  {
    "model": "auth.user",
    "pk": 8,
    "fields": {
      "password": "pbkdf2_sha256$600000$wmx0kCtmqJcXCmTb0HxMUV$euXQWJazaCBGB7UTFQBns2+3FFUOVeZo8bhPu9Uwn2c=",
      "last_login": "2024-01-12T05:13:18.228Z",
      "is_superuser": false,
      "username": "Alex",
      "first_name": "",
      "last_name": "",
      "email": "",
      "is_staff": false,
      "is_active": true,
      "date_joined": "2024-01-12T05:13:17.202Z",
      "groups": [],
      "user_permissions": []
    }
  },
  {
    "model": "auth.user",
    "pk": 9,
    "fields": {
      "password": "pbkdf2_sha256$600000$ySmLn2FjFlIovZaBcWiqkC$ClDci9m+UovJHP/TgT6713gq+I+7GuM29D0Md599j4g=",
      "last_login": "2024-01-12T05:23:30.474Z",
      "is_superuser": false,
      "username": "Jane",
      "first_name": "",
      "last_name": "",
      "email": "",
      "is_staff": false,
      "is_active": true,
      "date_joined": "2024-01-12T05:23:29.437Z",
      "groups": [],
      "user_permissions": []
    }
  },
  {
    "model": "auth.user",
    "pk": 10,
    "fields": {
      "password": "pbkdf2_sha256$600000$RLfp5kR2eQIEUTSYPNs9Y9$0/cUeeftWisZI5t3hNtSzCAGYUIVJhjWFdYMizgCswE=",
      "last_login": "2024-01-12T05:26:29.060Z",
      "is_superuser": false,
      "username": "Kelly",
      "first_name": "",
      "last_name": "",
      "email": "",
      "is_staff": false,
      "is_active": true,
      "date_joined": "2024-01-12T05:26:28.513Z",
      "groups": [],
      "user_permissions": []
    }
  },
  {
    "model": "contenttypes.contenttype",
    "pk": 1,
    "fields": {
      "app_label": "admin",
      "model": "logentry"
    }
  },
  {
    "model": "contenttypes.contenttype",
    "pk": 2,
    "fields": {
      "app_label": "auth",
      "model": "permission"
    }
  },
  {
    "model": "contenttypes.contenttype",
    "pk": 3,
    "fields": {
      "app_label": "auth",
      "model": "group"
    }
  },
  {
    "model": "contenttypes.contenttype",
    "pk": 4,
    "fields": {
      "app_label": "auth",
      "model": "user"
    }
  },
  {
    "model": "contenttypes.contenttype",
    "pk": 5,
    "fields": {
      "app_label": "contenttypes",
      "model": "contenttype"
    }
  },
  {
    "model": "contenttypes.contenttype",
    "pk": 6,
    "fields": {
      "app_label": "sessions",
      "model": "session"
    }
  },
  {
    "model": "contenttypes.contenttype",
    "pk": 7,
    "fields": {
      "app_label": "shopapp",
      "model": "product"
    }
  },
  {
    "model": "contenttypes.contenttype",
    "pk": 8,
    "fields": {
      "app_label": "shopapp",
      "model": "order"
    }
  },
  {
    "model": "contenttypes.contenttype",
    "pk": 9,
    "fields": {
      "app_label": "myauth",
      "model": "profile"
    }
  },
  {
    "model": "contenttypes.contenttype",
    "pk": 10,
    "fields": {
      "app_label": "shopapp",
      "model": "productimage"
    }
  },
  {
    "model": "contenttypes.contenttype",
    "pk": 11,
    "fields": {
      "app_label": "blogapp",
      "model": "author"
    }
  },
  {
    "model": "contenttypes.contenttype",
    "pk": 12,
    "fields": {
      "app_label": "blogapp",
      "model": "category"
    }
  },
  {
    "model": "contenttypes.contenttype",
    "pk": 13,
    "fields": {
      "app_label": "blogapp",
      "model": "tag"
    }
  },
  {
    "model": "contenttypes.contenttype",
    "pk": 14,
    "fields": {
      "app_label": "blogapp",
      "model": "article"
    }
  },
  {
    "model": "sessions.session",
    "pk": "ekpj6ly0hapgtlkknfp1e2tzqyrm9al5",
    "fields": {
      "session_data": ".eJxVjDsOwjAQBe_iGln-rD9LSc8ZrLXXIQHkSHFSIe4OkVJA-2bmvUSibR3T1uuSJhZnocXpd8tUHrXtgO_UbrMsc1uXKctdkQft8jpzfV4O9-9gpD5-a6Wj9TQQO7QKAaH4wKVWAEeowOsSDGpyGcmgMmAxQDSaqx5cZFXE-wPBaTbo:1rh75P:AQIv1uRT-v5VymrciFE5uXCBJSvegw3qN8RGNKMXDaQ",
      "expire_date": "2024-03-18T12:06:27.363Z"
    }
  },
  {
    "model": "sessions.session",
    "pk": "hhsqwnmfodtso64iy8vm20w2br5f9snc",
    "fields": {
      "session_data": ".eJxVjE0OwiAYRO_C2hDaQACX7j0D-f6QqoGktKvGu9smXehuMu_NbCrBupS0dpnTxOqqnLr8dgj0knoAfkJ9NE2tLvOE-lD0Sbu-N5b37XT_Dgr0sq9tHONofGTHFAm9N2jJifMxZCTvKJOADBT2aAKxWDtkAusyIEdB9fkC9bw5PQ:1rSm8W:WILkF575pig5RQlVM1D9_JOelMhAfw4mFzM30BBkR38",
      "expire_date": "2024-02-07T22:54:24.586Z"
    }
  },
  {
    "model": "shopapp.product",
    "pk": 1,
    "fields": {
      "name": "lipstick",
      "description": "color: rose",
      "price": "599.00",
      "discount": 0,
      "created_at": "2023-12-09T20:28:30.502Z",
      "archived": true,
      "created_by": 1,
      "updated_at": "2024-01-18"
    }
  },
  {
    "model": "shopapp.product",
    "pk": 2,
    "fields": {
      "name": "eyeshadows",
      "description": "",
      "price": "999.00",
      "discount": 20,
      "created_at": "2023-12-09T20:28:30.541Z",
      "archived": false,
      "created_by": 1,
      "updated_at": "2024-01-18"
    }
  },
  {
    "model": "shopapp.product",
    "pk": 3,
    "fields": {
      "name": "powder",
      "description": "",
      "price": "1199.00",
      "discount": 0,
      "created_at": "2023-12-09T20:28:30.548Z",
      "archived": false,
      "created_by": 1,
      "updated_at": "2024-01-18"
    }
  },
  {
    "model": "shopapp.product",
    "pk": 4,
    "fields": {
      "name": "perfume",
      "description": "",
      "price": "2599.00",
      "discount": 0,
      "created_at": "2023-12-09T20:28:30.556Z",
      "archived": false,
      "created_by": 1,
      "updated_at": "2024-01-18"
    }
  },
  {
    "model": "shopapp.product",
    "pk": 5,
    "fields": {
      "name": "eyeliner",
      "description": "",
      "price": "49.00",
      "discount": 0,
      "created_at": "2023-12-09T20:28:30.560Z",
      "archived": false,
      "created_by": 1,
      "updated_at": "2024-01-18"
    }
  },
  {
    "model": "shopapp.product",
    "pk": 6,
    "fields": {
      "name": "Perfume Rose",
      "description": "Floral perfume",
      "price": "1300.00",
      "discount": 0,
      "created_at": "2023-12-11T11:29:01.816Z",
      "archived": true,
      "created_by": 1,
      "updated_at": "2024-01-18"
    }
  },
  {
    "model": "shopapp.product",
    "pk": 7,
    "fields": {
      "name": "Perfume Rose",
      "description": "Floral perfume, 100ml",
      "price": "1200.00",
      "discount": 0,
      "created_at": "2023-12-11T11:31:18.728Z",
      "archived": true,
      "created_by": 1,
      "updated_at": "2024-01-18"
    }
  },
  {
    "model": "shopapp.product",
    "pk": 8,
    "fields": {
      "name": "Matte lipstick",
      "description": "New sweet light pink matte lipstick. Very cool model of lipstick",
      "price": "200.00",
      "discount": 5,
      "created_at": "2023-12-11T12:57:21.708Z",
      "archived": true,
      "created_by": 1,
      "updated_at": "2024-01-18"
    }
  },
  {
    "model": "shopapp.product",
    "pk": 9,
    "fields": {
      "name": "Brush black",
      "description": "",
      "price": "10.00",
      "discount": 0,
      "created_at": "2023-12-18T11:51:58.686Z",
      "archived": false,
      "created_by": 2,
      "updated_at": "2024-01-18"
    }
  },
  {
    "model": "shopapp.product",
    "pk": 10,
    "fields": {
      "name": "Mirror",
      "description": "Size: big",
      "price": "30.00",
      "discount": 0,
      "created_at": "2023-12-18T12:21:25.438Z",
      "archived": false,
      "created_by": 2,
      "updated_at": "2024-01-18"
    }
  },
  {
    "model": "shopapp.product",
    "pk": 11,
    "fields": {
      "name": "Red lipstick",
      "description": "",
      "price": "50.00",
      "discount": 0,
      "created_at": "2023-12-18T12:24:46.459Z",
      "archived": false,
      "created_by": 2,
      "updated_at": "2024-01-18"
    }
  },
  {
    "model": "shopapp.product",
    "pk": 12,
    "fields": {
      "name": "Raspberry lipstick",
      "description": "Sweet taste",
      "price": "25.00",
      "discount": 0,
      "created_at": null,
      "archived": false,
      "created_by": 2,
      "updated_at": "2024-01-18"
    }
  },
  {
    "model": "shopapp.order",
    "pk": 1,
    "fields": {
      "delivery_address": "Kazan, Bulgakov str. 8",
      "promocode": "",
      "created_at": "2023-12-09T20:31:14.993Z",
      "user": 1,
      "products": [
        1,
        2,
        3,
        4,
        5
      ]
    }
  },
  {
    "model": "shopapp.order",
    "pk": 4,
    "fields": {
      "delivery_address": "Moskov, Tverskaya street",
      "promocode": "",
      "created_at": "2023-12-11T21:10:56.799Z",
      "user": 1,
      "products": [
        7,
        8
      ]
    }
  },
  {
    "model": "shopapp.order",
    "pk": 5,
    "fields": {
      "delivery_address": "Moscow",
      "promocode": "kaz23",
      "created_at": "2024-01-19T16:42:41.426Z",
      "user": 5,
      "products": [
        5,
        8
      ]
    }
  },
  {
    "model": "shopapp.order",
    "pk": 6,
    "fields": {
      "delivery_address": "Vladimir",
      "promocode": "",
      "created_at": "2024-01-19T16:42:41.440Z",
      "user": 8,
      "products": [
        2,
        10
      ]
    }
  },
  {
    "model": "shopapp.order",
    "pk": 7,
    "fields": {
      "delivery_address": "Saratov",
      "promocode": "nov24",
      "created_at": "2024-01-19T16:48:23.046Z",
      "user": 4,
      "products": [
        5,
        10
      ]
    }
  },
  {
    "model": "shopapp.order",
    "pk": 8,
    "fields": {
      "delivery_address": "Pskov",
      "promocode": "jan24",
      "created_at": "2024-01-19T17:32:07.837Z",
      "user": 10,
      "products": [
        5
      ]
    }
  },
  {
    "model": "shopapp.productimage",
    "pk": 4,
    "fields": {
      "image": "products/product_12/filename",
      "product": 12,
      "description": null
    }
  },
  {
    "model": "shopapp.productimage",
    "pk": 5,
    "fields": {
      "image": "products/product_12/filename_qKiDBSe",
      "product": 12,
      "description": null
    }
  },
  {
    "model": "shopapp.productimage",
    "pk": 6,
    "fields": {
      "image": "products/product_2/filename",
      "product": 2,
      "description": null
    }
  },
  {
    "model": "myauth.profile",
    "pk": 1,
    "fields": {
      "user": 4,
      "bio": "",
      "agreement_signed": false,
      "avatar": ""
    }
  },
  {
    "model": "myauth.profile",
    "pk": 2,
    "fields": {
      "user": 5,
      "bio": "",
      "agreement_signed": false,
      "avatar": "profiles/profile_5/Sam.jpg"
    }
  },
  {
    "model": "myauth.profile",
    "pk": 3,
    "fields": {
      "user": 1,
      "bio": "",
      "agreement_signed": false,
      "avatar": ""
    }
  },
  {
    "model": "myauth.profile",
    "pk": 4,
    "fields": {
      "user": 2,
      "bio": "",
      "agreement_signed": false,
      "avatar": "profiles/profile_2/Sonya.jpg"
    }
  },
  {
    "model": "myauth.profile",
    "pk": 5,
    "fields": {
      "user": 3,
      "bio": "",
      "agreement_signed": false,
      "avatar": "profiles/profile_3/Velli.jpg"
    }
  },
  {
    "model": "myauth.profile",
    "pk": 6,
    "fields": {
      "user": 6,
      "bio": "",
      "agreement_signed": false,
      "avatar": ""
    }
  },
  {
    "model": "myauth.profile",
    "pk": 7,
    "fields": {
      "user": 7,
      "bio": "",
      "agreement_signed": false,
      "avatar": ""
    }
  },
  {
    "model": "myauth.profile",
    "pk": 8,
    "fields": {
      "user": 8,
      "bio": "",
      "agreement_signed": false,
      "avatar": ""
    }
  },
  {
    "model": "myauth.profile",
    "pk": 9,
    "fields": {
      "user": 9,
      "bio": "",
      "agreement_signed": false,
      "avatar": ""
    }
  },
  {
    "model": "myauth.profile",
    "pk": 10,
    "fields": {
      "user": 10,
      "bio": "",
      "agreement_signed": false,
      "avatar": ""
    }
  },
  {
    "model": "blogapp.author",
    "pk": 1,
    "fields": {
      "name": "Ivanov Ivan",
      "bio": "Date of birth: 13.07.1987"
    }
  },
  {
    "model": "blogapp.author",
    "pk": 2,
    "fields": {
      "name": "Sergeev Sergey",
      "bio": "Date of birth: 31.03.1990"
    }
  },
  {
    "model": "blogapp.category",
    "pk": 1,
    "fields": {
      "name": "Climate/Weather"
    }
  },
  {
    "model": "blogapp.category",
    "pk": 2,
    "fields": {
      "name": "Sport"
    }
  },
  {
    "model": "blogapp.category",
    "pk": 3,
    "fields": {
      "name": "Economics"
    }
  },
  {
    "model": "blogapp.category",
    "pk": 4,
    "fields": {
      "name": "Politics"
    }
  },
  {
    "model": "blogapp.tag",
    "pk": 1,
    "fields": {
      "name": "#bid_city"
    }
  },
  {
    "model": "blogapp.tag",
    "pk": 2,
    "fields": {
      "name": "#winter2024"
    }
  },
  {
    "model": "blogapp.tag",
    "pk": 3,
    "fields": {
      "name": "#climate_changes"
    }
  },
  {
    "model": "blogapp.article",
    "pk": 4,
    "fields": {
      "title": "Ecomonic crisis 2023/2024",
      "content": "A new crisis",
      "pub_date": "2024-01-10T00:00:00Z",
      "author": 1,
      "category": 3,
      "tags": [
        2
      ]
    }
  },
  {
    "model": "blogapp.article",
    "pk": 5,
    "fields": {
      "title": "Unusual 2024 winter weather in KazanUnusual 2024 winter weather in Kazan",
      "content": "The results of match",
      "pub_date": "2023-12-30T00:00:00Z",
      "author": 2,
      "category": 1,
      "tags": [
        1,
        2,
        3
      ]
    }
  },
  {
    "model": "blogapp.article",
    "pk": 6,
    "fields": {
      "title": "Hockey final match in Kazan",
      "content": "The results of match",
      "pub_date": "2023-09-30T00:00:00Z",
      "author": 2,
      "category": 2,
      "tags": [
        1
      ]
    }
  }
]